Neighborhood,Code,Square,Weight,mg/ml,ppb,daysout,Code,Al,Al_Percent,Al_per_day,Al_ppb,Al_ppb_day,Cr,Cr_Percent,Cr_ppb,Cr_ppb_day,Fe,Fe_Percent,Fe_per_day,Fe_Ppb,Fe_ppb_day,Pb,Pb_Percent,Pb_per_day,Pb_ppb,Pb_ppb_day,Ni,Ni_Percent,Ni_ppb,Ni_ppb_day
BK,56062,56,48.57,16.19,16190000,22,56062,290,0.001789,8.13E-05,17890,813,BLQ,NA,NA,NA,206,0.0012735,5.79E-05,12735,579,96,0.0005913,2.69E-05,5913,269,BLQ,NA,NA,NA
BK,12212,12,1.74,0.58,580000,27,12212,111,0.0191766,0.000710244,191766,7102,BLQ,NA,NA,NA,52,0.0088978,0.000329548,88978,3295,7,0.0011395,4.22E-05,11395,422,BLQ,NA,NA,NA
CB,6372,6,3.85,1.283333333,1283333.333,24,6372,62,0.0048661,0.000202754,48661,2028,BLQ,NA,NA,NA,50,0.0038892,0.00016205,38892,1621,14,0.0010772,4.49E-05,10772,449,BLQ,NA,NA,NA
BK,21042,21,3.42,1.14,1140000,22,21042,61,0.0053834,0.0002447,53834,2447,BLQ,NA,NA,NA,27,0.0024105,0.000109568,24105,1096,11,0.0009968,4.53E-05,9968,453,BLQ,NA,NA,NA
BK,13032,13,0.96,0.32,320000,27,13032,109,0.0340343,0.00126053,340343,12605,BLQ,NA,NA,NA,35,0.0108974,0.000403607,108974,4036,4,0.0012504,4.63E-05,12504,463,BLQ,NA,NA,NA
BK,20132,20,0.83,0.276666667,276666.6667,22,20132,67,0.0243133,0.00110515,243133,11051,BLQ,NA,NA,NA,24,0.0087094,0.000395882,87094,3959,3,0.0010943,4.97E-05,10943,497,BLQ,NA,NA,NA
BK,12082,12,3.93,1.31,1310000,27,12082,138,0.0105159,0.000389478,105159,3895,BLQ,NA,NA,NA,93,0.0071175,0.000263611,71175,2636,18,0.0013497,5.00E-05,13497,500,BLQ,NA,NA,NA
BK,43042,43,0.65,0.216666667,216666.6667,22,43042,1054,0.4862589,0.022102677,4862589,221027,BLQ,NA,NA,NA,BLQ,NA,NA,NA,NA,2,0.0011289,5.13E-05,11289,513,BLQ,NA,NA,NA
CB,15552,15,72.82,24.27333333,24273333.33,24,15552,752,0.0030999,0.000129163,30999,1292,BLQ,NA,NA,NA,375,0.0015466,6.44E-05,15466,644,307,0.0012665,5.28E-05,12665,528,BLQ,NA,NA,NA
BK,31222,31,0.91,0.303333333,303333.3333,22,31222,75,0.0248851,0.001131141,248851,11311,BLQ,NA,NA,NA,379,0.1250875,0.005685795,1250875,56858,4,0.0011632,5.29E-05,11632,529,BLQ,NA,NA,NA
BK,42122,42,1.01,0.336666667,336666.6667,22,42122,18,0.0053433,0.000242877,53433,2429,BLQ,NA,NA,NA,BLQ,NA,NA,NA,NA,4,0.0012243,0.00005565,12243,556,BLQ,NA,NA,NA
BK,55012,55,1.16,0.386666667,386666.6667,22,55012,85,0.0219346,0.000997027,219346,9970,BLQ,NA,NA,NA,361,0.0933539,0.004243359,933539,42434,5,0.0012316,5.60E-05,12316,560,BLQ,NA,NA,NA
BK,42132,42,1.04,0.346666667,346666.6667,22,42132,532,0.153577,0.006980773,1535770,69808,BLQ,NA,NA,NA,920,0.2653617,0.012061895,2653617,120619,5,0.0013722,6.24E-05,13722,624,BLQ,NA,NA,NA
BK,72312,72,1.08,0.36,360000,22,72312,52,0.0145383,0.000660832,145383,6608,BLQ,NA,NA,NA,949,0.2635761,0.011980732,2635761,119807,5,0.0014864,6.76E-05,14864,676,BLQ,NA,NA,NA
CB,22142,22,23.35,7.783333333,7783333.333,24,22142,356,0.0045771,0.000190713,45771,1907,BLQ,NA,NA,NA,221,0.002839,0.000118292,28390,1183,128,0.0016473,6.86E-05,16473,686,BLQ,NA,NA,NA
BK,72282,72,0.89,0.296666667,296666.6667,22,72282,58,0.0195161,0.000887095,195161,8871,BLQ,NA,NA,NA,750,0.2528561,0.011493459,2528561,114935,5,0.0015469,7.03E-05,15469,703,BLQ,NA,NA,NA
CB,22152,22,26.4,8.8,8800000,24,22152,462,0.0052526,0.000218858,52526,2189,BLQ,NA,NA,NA,292,0.0033191,0.000138296,33191,1383,150,0.0017037,7.10E-05,17037,710,BLQ,NA,NA,NA
CB,33102,33,25.32,8.44,8440000,24,33102,350,0.0041446,0.000172692,41446,1727,BLQ,NA,NA,NA,220,0.002601,0.000108375,26010,1084,157,0.0018557,7.73E-05,18557,773,BLQ,NA,NA,NA
CB,32032,32,27.09,9.03,9030000,24,32032,479,0.005304,0.000221,53040,2210,BLQ,NA,NA,NA,323,0.003574,0.000148917,35740,1489,168,0.0018622,7.76E-05,18622,776,BLQ,NA,NA,NA
BK,43052,43,0.47,0.156666667,156666.6667,22,43052,690,0.4403568,0.020016218,4403568,200162,BLQ,NA,NA,NA,BLQ,NA,NA,NA,NA,3,0.0019277,8.76E-05,19277,876,BLQ,NA,NA,NA
BK,21052,21,15.99,5.33,5330000,22,21052,228,0.004271,0.000194136,42710,1941,BLQ,NA,NA,NA,148,0.0027757,0.000126168,27757,1262,109,0.0020358,9.25E-05,20358,925,BLQ,NA,NA,NA
BK,12062,12,0.68,0.226666667,226666.6667,27,12062,67,0.029766,0.001102444,297660,11024,BLQ,NA,NA,NA,847,0.3736921,0.013840448,3736921,138404,7,0.0028851,0.000106856,28851,1069,BLQ,NA,NA,NA
CB,9442,9,10.61,3.536666667,3536666.667,24,9442,159,0.0045062,0.000187758,45062,1878,BLQ,NA,NA,NA,96,0.002706,0.00011275,27060,1127,93,0.0026416,0.000110067,26416,1101,BLQ,NA,NA,NA
BK,13042,13,0.47,0.156666667,156666.6667,27,13042,62,0.0396445,0.001468315,396445,14683,BLQ,NA,NA,NA,483,0.3084516,0.011424133,3084516,114241,5,0.0030306,0.000112244,30306,1122,BLQ,NA,NA,NA
CB,33112,33,26.63,8.876666667,8876666.667,24,33112,368,0.0041433,0.000172638,41433,1726,BLQ,NA,NA,NA,269,0.0030295,0.000126229,30295,1262,246,0.0027693,0.000115388,27693,1154,BLQ,NA,NA,NA
CB,10412,10,15.8,5.266666667,5266666.667,24,10412,506,0.0096082,0.000400342,96082,4003,BLQ,NA,NA,NA,352,0.006685,0.000278542,66850,2785,147,0.0027873,0.000116138,27873,1161,26,0.000502969,5029.694049,209.5705854
BK,21022,21,2.13,0.71,710000,22,21022,91,0.0128249,0.00058295,128249,5829,BLQ,NA,NA,NA,45,0.0062991,0.000286323,62991,2863,20,0.0027931,0.000126959,27931,1270,BLQ,NA,NA,NA
BK,72272,72,1.67,0.556666667,556666.6667,22,72272,75,0.0134092,0.000609509,134092,6095,BLQ,NA,NA,NA,40,0.0072217,0.000328259,72217,3283,16,0.0028228,0.000128309,28228,1283,BLQ,NA,NA,NA
CB,32042,32,14.49,4.83,4830000,24,32042,696,0.0144011,0.000600046,144011,6000,BLQ,NA,NA,NA,351,0.0072677,0.000302821,72677,3028,149,0.0030831,0.000128463,30831,1285,BLQ,NA,NA,NA
CB,6352,6,14.03,4.676666667,4676666.667,24,6352,252,0.0053789,0.000224121,53789,2241,BLQ,NA,NA,NA,173,0.0037079,0.000154496,37079,1545,146,0.0031238,0.000130158,31238,1302,BLQ,NA,NA,NA
BK,18402,18,2.29,0.763333333,763333.3333,22,18402,124,0.016211,0.000736864,162110,7369,BLQ,NA,NA,NA,63,0.0082909,0.000376859,82909,3769,22,0.0029388,0.000133582,29388,1336,BLQ,NA,NA,NA
BK,56022,56,2.46,0.82,820000,22,56022,139,0.0169166,0.000768936,169166,7689,BLQ,NA,NA,NA,57,0.0069076,0.000313982,69076,3140,25,0.0030399,0.000138177,30399,1382,BLQ,NA,NA,NA
CB,33062,33,7.73,2.576666667,2576666.667,24,33062,187,0.0072537,0.000302238,72537,3022,749,0,290772,12116,150,0.0058159,0.000242329,58159,2423,88,0.0034005,0.000141688,34005,1417,BLQ,NA,NA,NA
BK,7092,7,0.83,0.276666667,276666.6667,27,7092,62,0.0224948,0.000833141,224948,8331,BLQ,NA,NA,NA,23,0.0084174,0.000311756,84174,3118,11,0.0041521,0.000153781,41521,1538,BLQ,NA,NA,NA
CB,22122,22,5.16,1.72,1720000,24,22122,144,0.0083859,0.000349413,83859,3494,BLQ,NA,NA,NA,82,0.0047662,0.000198592,47662,1986,63,0.0036913,0.000153804,36913,1538,BLQ,NA,NA,NA
BK,31282,31,9.14,3.046666667,3046666.667,22,31282,230,0.0075647,0.00034385,75647,3438,178,0,58568,2662,146,0.0047802,0.000217282,47802,2173,109,0.0035756,0.000162527,35756,1625,BLQ,NA,NA,NA
CB,33092,33,8.06,2.686666667,2686666.667,24,33092,421,0.0156875,0.000653646,156875,6536,BLQ,NA,NA,NA,159,0.005931,0.000247125,59310,2471,105,0.0039132,0.00016305,39132,1630,BLQ,NA,NA,NA
CB,3252,3,6.41,2.136666667,2136666.667,24,3252,160,0.0074779,0.000311579,74779,3116,BLQ,NA,NA,NA,137,0.0064009,0.000266704,64009,2667,84,0.0039266,0.000163608,39266,1636,BLQ,NA,NA,NA
BK,42172,42,2.2,0.733333333,733333.3333,22,42172,68,0.0092241,0.000419277,92241,4193,188,0,256802,11673,57,0.0077459,0.000352086,77459,3521,26,0.0036116,0.000164164,36116,1642,148,0.020126628,201266.279,9148.467229
CB,33072,33,30.24,10.08,10080000,24,33072,642,0.0063692,0.000265383,63692,2654,BLQ,NA,NA,NA,336,0.0033289,0.000138704,33289,1387,410,0.004063,0.000169292,40630,1693,BLQ,NA,NA,NA
CB,3222,3,22.9,7.633333333,7633333.333,24,3222,669,0.0087695,0.000365396,87695,3654,BLQ,NA,NA,NA,513,0.006721,0.000280042,67210,2800,323,0.0042269,0.000176121,42269,1761,BLQ,NA,NA,NA
CB,9462,9,10.83,3.61,3610000,24,9462,356,0.0098654,0.000411058,98654,4111,BLQ,NA,NA,NA,197,0.0054592,0.000227467,54592,2275,153,0.0042358,0.000176492,42358,1765,BLQ,NA,NA,NA
CB,32022,32,13.77,4.59,4590000,24,32022,420,0.0091513,0.000381304,91513,3813,BLQ,NA,NA,NA,288,0.0062691,0.000261213,62691,2612,195,0.0042417,0.000176738,42417,1767,BLQ,NA,NA,NA
BK,58242,58,0.91,0.303333333,303333.3333,22,58242,56,0.0185669,0.00084395,185669,8439,BLQ,NA,NA,NA,27,0.0088444,0.000402018,88444,4020,12,0.0039681,0.000180368,39681,1804,BLQ,NA,NA,NA
CB,22162,22,4.85,1.616666667,1616666.667,24,22162,213,0.013145,0.000547708,131450,5477,BLQ,NA,NA,NA,95,0.0058595,0.000244146,58595,2441,70,0.0043501,0.000181254,43501,1813,BLQ,NA,NA,NA
CB,1312,1,13.43,4.476666667,4476666.667,24,1312,501,0.0111825,0.000465938,111825,4659,BLQ,NA,NA,NA,456,0.0101941,0.000424754,101941,4248,197,0.00439,0.000182917,43900,1829,BLQ,NA,NA,NA
BK,18372,18,2.7,0.9,900000,22,18372,160,0.0178315,0.000810523,178315,8105,BLQ,NA,NA,NA,80,0.0088808,0.000403673,88808,4037,38,0.0042319,0.000192359,42319,1924,BLQ,NA,NA,NA
CB,22132,22,11.53,3.843333333,3843333.333,24,22132,490,0.0127502,0.000531258,127502,5313,BLQ,NA,NA,NA,242,0.0062871,0.000261963,62871,2620,180,0.0046848,0.0001952,46848,1952,BLQ,NA,NA,NA
BK,19422,19,2,0.666666667,666666.6667,22,19422,126,0.0188955,0.000858886,188955,8589,427,0,639928,29088,72,0.0107587,0.000489032,107587,4890,29,0.0043136,0.000196073,43136,1961,BLQ,NA,NA,NA
CB,10422,10,21.22,7.073333333,7073333.333,24,10422,706,0.0099864,0.0004161,99864,4161,BLQ,NA,NA,NA,504,0.0071248,0.000296867,71248,2969,353,0.0049917,0.000207988,49917,2080,BLQ,NA,NA,NA
CB,6342,6,11.94,3.98,3980000,24,6342,396,0.0099398,0.000414158,99398,4142,BLQ,NA,NA,NA,263,0.0065962,0.000274842,65962,2748,201,0.0050591,0.000210796,50591,2108,BLQ,NA,NA,NA
CB,10392,10,20.83,6.943333333,6943333.333,24,10392,510,0.007338,0.00030575,73380,3058,BLQ,NA,NA,NA,362,0.0052149,0.000217288,52149,2173,354,0.0050977,0.000212404,50977,2124,BLQ,NA,NA,NA
CB,3242,3,14.57,4.856666667,4856666.667,24,3242,1008,0.0207486,0.000864525,207486,8645,BLQ,NA,NA,NA,533,0.0109772,0.000457383,109772,4574,250,0.0051395,0.000214146,51395,2141,BLQ,NA,NA,NA
CB,1302,1,14,4.666666667,4666666.667,24,1302,475,0.010179,0.000424125,101790,4241,BLQ,NA,NA,NA,439,0.0094088,0.000392033,94088,3920,244,0.0052211,0.000217546,52211,2175,BLQ,NA,NA,NA
BK,43062,43,0.75,0.25,250000,22,43062,89,0.0357536,0.001625164,357536,16252,81,0,324068,14730,53,0.0210876,0.000958527,210876,9585,12,0.0047869,0.000217586,47869,2176,BLQ,NA,NA,NA
BK,7112,7,0.34,0.113333333,113333.3333,27,7112,43,0.0382414,0.001416348,382414,14163,BLQ,NA,NA,NA,201,0.1776101,0.006578152,1776101,65782,7,0.0060221,0.000223041,60221,2230,BLQ,NA,NA,NA
CB,33082,33,11.46,3.82,3820000,24,33082,397,0.010384,0.000432667,103840,4327,BLQ,NA,NA,NA,223,0.0058295,0.000242896,58295,2429,219,0.0057387,0.000239113,57387,2391,90,0.002357585,23575.85006,982.327086
BK,59302,59,14.2,4.733333333,4733333.333,22,59302,240,0.005069,0.000230409,50690,2304,BLQ,NA,NA,NA,174,0.0036758,0.000167082,36758,1671,255,0.0053818,0.000244627,53818,2446,BLQ,NA,NA,NA
CB,15582,15,20.51,6.836666667,6836666.667,24,15582,751,0.010978,0.000457417,109780,4574,BLQ,NA,NA,NA,662,0.0096779,0.000403246,96779,4032,408,0.0059615,0.000248396,59615,2484,BLQ,NA,NA,NA
CB,10402,10,5.58,1.86,1860000,24,10402,216,0.0116317,0.000484654,116317,4847,BLQ,NA,NA,NA,149,0.007997,0.000333208,79970,3332,113,0.0060895,0.000253729,60895,2537,BLQ,NA,NA,NA
CB,15572,15,15.52,5.173333333,5173333.333,24,15572,501,0.0096833,0.000403471,96833,4035,BLQ,NA,NA,NA,447,0.0086405,0.000360021,86405,3600,319,0.0061719,0.000257163,61719,2572,BLQ,NA,NA,NA
CB,9452,9,8.52,2.84,2840000,24,9452,309,0.0108726,0.000453025,108726,4530,BLQ,NA,NA,NA,222,0.0078183,0.000325763,78183,3258,175,0.0061767,0.000257363,61767,2574,BLQ,NA,NA,NA
CB,6362,6,25.42,8.473333333,8473333.333,24,6362,554,0.006539,0.000272458,65390,2725,BLQ,NA,NA,NA,949,0.0111997,0.000466654,111997,4667,530,0.0062574,0.000260725,62574,2607,66,0.000782331,7823.307966,325.9711652
BK,31232,31,19.8,6.6,6600000,22,31232,591,0.0089556,0.000407073,89556,4071,BLQ,NA,NA,NA,243,0.0036857,0.000167532,36857,1675,385,0.005826,0.000264818,58260,2648,BLQ,NA,NA,NA
CB,3272,3,6.36,2.12,2120000,24,3272,317,0.0149517,0.000622988,149517,6230,BLQ,NA,NA,NA,296,0.0139553,0.000581471,139553,5815,148,0.0069789,0.000290788,69789,2908,BLQ,NA,NA,NA
CB,1282,1,5.1,1.7,1700000,24,1282,324,0.0190573,0.000794054,190573,7941,BLQ,NA,NA,NA,282,0.0165849,0.000691038,165849,6910,119,0.0069919,0.000291329,69919,2913,BLQ,NA,NA,NA
CB,1292,1,20.23,6.743333333,6743333.333,24,1292,613,0.0090889,0.000378704,90889,3787,BLQ,NA,NA,NA,610,0.0090506,0.000377108,90506,3771,481,0.007133,0.000297208,71330,2972,BLQ,NA,NA,NA
BK,57172,57,13.52,4.506666667,4506666.667,22,57172,534,0.0118496,0.000538618,118496,5386,BLQ,NA,NA,NA,347,0.0076946,0.000349755,76946,3498,304,0.0067538,0.000306991,67538,3070,BLQ,NA,NA,NA
BK,57182,57,5.79,1.93,1930000,22,57182,139,0.0071873,0.000326695,71873,3267,632,0,327457,14884,106,0.0055039,0.000250177,55039,2502,131,0.0067722,0.000307827,67722,3078,152,0.00789589,78958.89658,3589.040754
CB,10382,10,20.31,6.77,6770000,24,10382,789,0.0116579,0.000485746,116579,4857,BLQ,NA,NA,NA,511,0.0075426,0.000314275,75426,3143,514,0.0075918,0.000316325,75918,3163,BLQ,NA,NA,NA
CB,3232,3,4.61,1.536666667,1536666.667,24,3232,289,0.0188048,0.000783533,188048,7835,BLQ,NA,NA,NA,184,0.0119596,0.000498317,119596,4983,122,0.0079134,0.000329725,79134,3297,BLQ,NA,NA,NA
CB,15562,15,4.91,1.636666667,1636666.667,24,15562,182,0.0111501,0.000464588,111501,4646,BLQ,NA,NA,NA,158,0.0096524,0.000402183,96524,4022,135,0.0082539,0.000343913,82539,3439,BLQ,NA,NA,NA
CB,14512,14,15.69,5.23,5230000,24,14512,436,0.0083395,0.000347479,83395,3475,30,0,5678,237,333,0.0063578,0.000264908,63578,2649,467,0.0089205,0.000371688,89205,3717,254,0.004853513,48535.12705,2022.29696
BK,71442,71,1.4,0.466666667,466666.6667,22,71442,76,0.0162893,0.000740423,162893,7404,BLQ,NA,NA,NA,66,0.0142322,0.000646918,142322,6469,38,0.0081881,0.000372186,81881,3722,BLQ,NA,NA,NA
CB,23172,23,22.77,7.59,7590000,24,23172,371,0.0048879,0.000203663,48879,2037,600,0,79009,3292,216,0.0028494,0.000118725,28494,1187,699,0.0092149,0.000383954,92149,3840,113,0.001494313,14943.12874,622.6303643
CB,15542,15,5.12,1.706666667,1706666.667,24,15542,275,0.0160945,0.000670604,160945,6706,BLQ,NA,NA,NA,235,0.0137988,0.00057495,137988,5749,165,0.0096624,0.0004026,96624,4026,BLQ,NA,NA,NA
BK,71422,71,94.18,31.39333333,31393333.33,22,71422,1378,0.0043882,0.000199464,43882,1995,BLQ,NA,NA,NA,1215,0.0038704,0.000175927,38704,1759,2785,0.0088712,0.000403236,88712,4032,115,0.000366663,3666.633005,166.6651366
BK,31262,31,3.87,1.29,1290000,22,31262,101,0.0078339,0.000356086,78339,3561,BLQ,NA,NA,NA,61,0.0047254,0.000214791,47254,2148,116,0.0090082,0.000409464,90082,4095,BLQ,NA,NA,NA
BK,58192,58,0.22,0.073333333,73333.33333,22,58192,51,0.069098,0.003140818,690980,31408,BLQ,NA,NA,NA,BLQ,NA,NA,NA,NA,7,0.0090744,0.000412473,90744,4125,BLQ,NA,NA,NA
BK,59382,59,1.65,0.55,550000,22,59382,156,0.0282843,0.00128565,282843,12856,BLQ,NA,NA,NA,80,0.0145127,0.000659668,145127,6597,50,0.0091286,0.000414936,91286,4149,BLQ,NA,NA,NA
BK,41232,41,13.95,4.65,4650000,22,41232,551,0.0118488,0.000538582,118488,5386,BLQ,NA,NA,NA,71,0.0015285,6.95E-05,15285,695,430,0.0092455,0.00042025,92455,4202,BLQ,NA,NA,NA
CB,6332,6,5.88,1.96,1960000,24,6332,319,0.0162935,0.000678896,162935,6789,BLQ,NA,NA,NA,194,0.0098798,0.000411658,98798,4117,199,0.0101614,0.000423392,101614,4234,BLQ,NA,NA,NA
BK,41252,41,4.18,1.393333333,1393333.333,22,41252,178,0.0127487,0.000579486,127487,5795,BLQ,NA,NA,NA,71,0.005101,0.000231864,51010,2319,134,0.0096405,0.000438205,96405,4382,BLQ,NA,NA,NA
BK,55072,55,2.41,0.803333333,803333.3333,22,55072,126,0.015694,0.000713364,156940,7134,BLQ,NA,NA,NA,67,0.008316,0.000378,83160,3780,81,0.0100862,0.000458464,100862,4585,BLQ,NA,NA,NA
CB,23192,23,12.03,4.01,4010000,24,23192,261,0.0065014,0.000270892,65014,2709,BLQ,NA,NA,NA,179,0.0044622,0.000185925,44622,1859,445,0.0110904,0.0004621,110904,4621,BLQ,NA,NA,NA
CB,14532,14,3.93,1.31,1310000,24,14532,160,0.0122394,0.000509975,122394,5100,BLQ,NA,NA,NA,101,0.0077031,0.000320963,77031,3210,149,0.0113694,0.000473725,113694,4737,BLQ,NA,NA,NA
BK,57122,57,1,0.333333333,333333.3333,22,57122,76,0.0229097,0.00104135,229097,10414,BLQ,NA,NA,NA,35,0.0105625,0.000480114,105625,4801,35,0.0105676,0.000480345,105676,4803,BLQ,NA,NA,NA
CB,1322,1,12.72,4.24,4240000,24,1322,351,0.0082853,0.000345221,82853,3452,BLQ,NA,NA,NA,379,0.0089375,0.000372396,89375,3724,489,0.0115327,0.000480529,115327,4805,BLQ,NA,NA,NA
CB,23182,23,14.35,4.783333333,4783333.333,24,23182,278,0.0058049,0.000241871,58049,2419,BLQ,NA,NA,NA,234,0.0048917,0.000203821,48917,2038,600,0.0125482,0.000522842,125482,5228,BLQ,NA,NA,NA
CB,23212,23,20.44,6.813333333,6813333.333,24,23212,336,0.0049263,0.000205263,49263,2053,BLQ,NA,NA,NA,302,0.0044258,0.000184408,44258,1844,870,0.0127752,0.0005323,127752,5323,BLQ,NA,NA,NA
CB,32012,32,15.08,5.026666667,5026666.667,24,32012,461,0.0091687,0.000382029,91687,3820,BLQ,NA,NA,NA,329,0.0065504,0.000272933,65504,2729,652,0.012974,0.000540583,129740,5406,BLQ,NA,NA,NA
CB,32052,32,33.01,11.00333333,11003333.33,24,32052,578,0.0052508,0.000218783,52508,2188,BLQ,NA,NA,NA,409,0.0037163,0.000154846,37163,1548,1468,0.0133385,0.000555771,133385,5558,BLQ,NA,NA,NA
BK,20122,20,1.66,0.553333333,553333.3333,22,20122,103,0.0186749,0.000848859,186749,8489,BLQ,NA,NA,NA,47,0.0084699,0.000384995,84699,3850,70,0.0126056,0.000572982,126056,5730,BLQ,NA,NA,NA
CB,3262,3,6.23,2.076666667,2076666.667,24,3262,298,0.0143632,0.000598467,143632,5985,BLQ,NA,NA,NA,280,0.01346,0.000560833,134600,5608,286,0.0137683,0.000573679,137683,5737,BLQ,NA,NA,NA
CB,14522,14,15.02,5.006666667,5006666.667,24,14522,410,0.0081905,0.000341271,81905,3413,BLQ,NA,NA,NA,305,0.0060974,0.000254058,60974,2541,705,0.0140905,0.000587104,140905,5871,56,0.001122979,11229.78661,467.9077755
CB,14502,14,10.72,3.573333333,3573333.333,24,14502,513,0.0143675,0.000598646,143675,5986,BLQ,NA,NA,NA,343,0.0095983,0.000399929,95983,3999,527,0.0147378,0.000614075,147378,6141,BLQ,NA,NA,NA
BK,43072,43,0.55,0.183333333,183333.3333,22,43072,90,0.0493051,0.002241141,493051,22411,BLQ,NA,NA,NA,46,0.0251001,0.001140914,251001,11409,25,0.0136746,0.000621573,136746,6216,BLQ,NA,NA,NA
BK,57112,57,3.89,1.296666667,1296666.667,22,57112,153,0.0118011,0.000536414,118011,5364,BLQ,NA,NA,NA,102,0.007863,0.000357409,78630,3574,181,0.0139484,0.000634018,139484,6340,BLQ,NA,NA,NA
CB,23202,23,14.47,4.823333333,4823333.333,24,23202,491,0.0101772,0.00042405,101772,4240,BLQ,NA,NA,NA,354,0.0073496,0.000306233,73496,3062,810,0.0167971,0.000699879,167971,6999,BLQ,NA,NA,NA
CB,9472,9,2.21,0.736666667,736666.6667,24,9472,108,0.0146399,0.000609996,146399,6100,BLQ,NA,NA,NA,54,0.0073335,0.000305563,73335,3056,131,0.0177691,0.000740379,177691,7404,BLQ,NA,NA,NA
BK,42182,42,1.48,0.493333333,493333.3333,22,42182,141,0.0285595,0.001298159,285595,12982,BLQ,NA,NA,NA,53,0.0106863,0.000485741,106863,4857,82,0.0165827,0.000753759,165827,7538,BLQ,NA,NA,NA
CB,14492,14,7.77,2.59,2590000,24,14492,460,0.0177451,0.000739379,177451,7394,BLQ,NA,NA,NA,301,0.0116129,0.000483871,116129,4839,574,0.0221803,0.000924179,221803,9242,BLQ,NA,NA,NA
BK,31252,31,11.37,3.79,3790000,22,31252,247,0.0065289,0.000296768,65289,2968,BLQ,NA,NA,NA,309,0.0081592,0.000370873,81592,3709,780,0.0205922,0.000936009,205922,9360,BLQ,NA,NA,NA
BK,41242,41,8.21,2.736666667,2736666.667,22,41242,592,0.0216325,0.000983295,216325,9833,BLQ,NA,NA,NA,61,0.0022171,0.000100777,22171,1008,604,0.0220616,0.0010028,220616,10028,BLQ,NA,NA,NA
CB,9482,9,2.41,0.803333333,803333.3333,24,9482,100,0.0124055,0.000516896,124055,5169,BLQ,NA,NA,NA,69,0.0086108,0.000358783,86108,3588,213,0.0264732,0.00110305,264732,11031,BLQ,NA,NA,NA
BK,73402,73,10.55,3.516666667,3516666.667,22,73402,273,0.0077501,0.000352277,77501,3523,100,0,28552,1298,628,0.0178703,0.000812286,178703,8123,946,0.0268897,0.001222259,268897,12223,140,0.00399055,39905.49572,1813.886169
BK,41262,41,2.42,0.806666667,806666.6667,22,41262,133,0.0165134,0.000750609,165134,7506,BLQ,NA,NA,NA,61,0.0075217,0.000341895,75217,3419,227,0.0281992,0.001281782,281992,12818,BLQ,NA,NA,NA
BK,57092,57,1.2,0.4,400000,22,57092,93,0.0231403,0.001051832,231403,10518,BLQ,NA,NA,NA,46,0.0116215,0.00052825,116215,5282,121,0.0301483,0.001370377,301483,13704,BLQ,NA,NA,NA
BK,59392-2,59,1.26,0.42,420000,22,593922,220,0.0524439,0.002383814,524439,23838,BLQ,NA,NA,NA,125,0.029745,0.001352045,297450,13520,133,0.0316413,0.001438241,316413,14382,BLQ,NA,NA,NA
BK,71452,71,1.02,0.34,340000,22,71452,91,0.026625,0.001210227,266250,12102,BLQ,NA,NA,NA,91,0.026775,0.001217045,267750,12170,110,0.0323682,0.001471282,323682,14713,BLQ,NA,NA,NA
BK,7102,7,0.49,0.163333333,163333.3333,27,7102,110,0.0672641,0.002491263,672641,24913,BLQ,NA,NA,NA,BLQ,NA,NA,NA,NA,81,0.0494817,0.001832656,494817,18327,57,0.034830222,348302.218,12900.08215
BK,73392,73,5.98,1.993333333,1993333.333,22,73392,301,0.015087,0.000685773,150870,6858,BLQ,NA,NA,NA,237,0.0118745,0.00053975,118745,5398,874,0.0438634,0.001993791,438634,19938,BLQ,NA,NA,NA
BK,57102,57,2.12,0.706666667,706666.6667,22,57102,111,0.0157039,0.000713814,157039,7138,BLQ,NA,NA,NA,64,0.0090499,0.000411359,90499,4114,325,0.0459267,0.002087577,459267,20876,BLQ,NA,NA,NA
BK,70122,70,0.02,0.006666667,6666.666667,22,70122,691,10.3645624,0.471116473,103645624,4711165,BLQ,NA,NA,NA,BLQ,NA,NA,NA,NA,4,0.0537501,0.002443186,537501,24432,BLQ,NA,NA,NA
BK,41212,41,1.85,0.616666667,616666.6667,22,41212,72,0.0117059,0.000532086,117059,5321,BLQ,NA,NA,NA,288,0.0467209,0.002123677,467209,21237,10732,1.740295,0.079104318,17402950,791043,BLQ,NA,NA,NA
BK,12052,12,0.38,0.126666667,126666.6667,27,12052,150,0.1180626,0.004372689,1180626,43727,BLQ,NA,NA,NA,34,0.0265502,0.000983341,265502,9833,BLQ,NA,NA,NA,NA,BLQ,NA,NA,NA
BK,70132,70,1.33,0.443333333,443333.3333,22,70132,52,0.011675,0.000530682,116750,5307,BLQ,NA,NA,NA,143,0.0323188,0.001469036,323188,14690,BLQ,NA,NA,NA,NA,BLQ,NA,NA,NA
BK,18392,18,0.18,0.06,60000,22,18392,59,0.0975555,0.004434341,975555,44343,BLQ,NA,NA,NA,304,0.5062022,0.023009191,5062022,230092,BLQ,NA,NA,NA,NA,BLQ,NA,NA,NA
BK,8022,8,0.18,0.06,60000,27,8022,39,0.0655461,0.002427633,655461,24276,BLQ,NA,NA,NA,BLQ,NA,NA,NA,NA,BLQ,NA,NA,NA,NA,BLQ,NA,NA,NA
BK,12072,12,0.3,0.1,100000,27,12072,58,0.0577362,0.002138378,577362,21384,BLQ,NA,NA,NA,BLQ,NA,NA,NA,NA,BLQ,NA,NA,NA,NA,BLQ,NA,NA,NA
BK,18362,18,0.02,0.006666667,6666.666667,22,18362,82,1.2233148,0.055605218,12233148,556052,BLQ,NA,NA,NA,BLQ,NA,NA,NA,NA,BLQ,NA,NA,NA,NA,BLQ,NA,NA,NA
BK,19412,19,0.12,0.04,40000,22,19412,424,1.0598525,0.048175114,10598525,481751,BLQ,NA,NA,NA,BLQ,NA,NA,NA,NA,BLQ,NA,NA,NA,NA,BLQ,NA,NA,NA
BK,19432,19,0.33,0.11,110000,22,19432,112,0.1022404,0.004647291,1022404,46473,BLQ,NA,NA,NA,BLQ,NA,NA,NA,NA,BLQ,NA,NA,NA,NA,58,0.053139475,531394.748,24154.30673
BK,19442,19,0.38,0.126666667,126666.6667,22,19442,45,0.0354229,0.001610132,354229,16101,BLQ,NA,NA,NA,BLQ,NA,NA,NA,NA,BLQ,NA,NA,NA,NA,BLQ,NA,NA,NA
BK,21012,21,0.82,0.273333333,273333.3333,22,21012,71,0.025824,0.001173818,258240,11738,BLQ,NA,NA,NA,BLQ,NA,NA,NA,NA,BLQ,NA,NA,NA,NA,BLQ,NA,NA,NA
BK,21032,21,0.25,0.083333333,83333.33333,22,21032,39,0.0463219,0.002105541,463219,21055,BLQ,NA,NA,NA,BLQ,NA,NA,NA,NA,BLQ,NA,NA,NA,NA,BLQ,NA,NA,NA
BK,42152,42,0.66,0.22,220000,22,42152,87,0.0393558,0.0017889,393558,17889,BLQ,NA,NA,NA,BLQ,NA,NA,NA,NA,BLQ,NA,NA,NA,NA,BLQ,NA,NA,NA
BK,56012,56,4.19,1.396666667,1396666.667,22,56012,768,0.0549889,0.002499495,549889,24995,BLQ,NA,NA,NA,BLQ,NA,NA,NA,NA,BLQ,NA,NA,NA,NA,BLQ,NA,NA,NA
BK,70192,70,0.94,0.313333333,313333.3333,22,70192,50,0.0161053,0.000732059,161053,7321,BLQ,NA,NA,NA,BLQ,NA,NA,NA,NA,BLQ,NA,NA,NA,NA,BLQ,NA,NA,NA
BK,72292,72,0.24,0.08,80000,22,72292,50,0.0627756,0.002853436,627756,28534,BLQ,NA,NA,NA,BLQ,NA,NA,NA,NA,BLQ,NA,NA,NA,NA,BLQ,NA,NA,NA
BK,73332,73,0.11,0.036666667,36666.66667,22,73332,377,1.028673,0.046757864,10286730,467579,BLQ,NA,NA,NA,BLQ,NA,NA,NA,NA,BLQ,NA,NA,NA,NA,BLQ,NA,NA,NA
